{
  "net_carbon_credit_score": 945271.3188277902,
  "synthetic_offset": 1206099.0207907043,
  "soil_sequestration": 5474999.999999998,
  "transport_emissions": 1543404.442597788,
  "nitrogen_leaching": 4192423.2593651246,
  "stp_overflow": 0.0,
  "delivered_tons": 27374.999999999996,
  "overflow_tons": 0.0
}